temp3.txt,temp2.txt,temp1.txt,
1.0,0.609250672968,0.866025403784,
0.609250672968,1.0,0.897979818568,
0.866025403784,0.897979818568,1.0,
